rank,brand,usd,final_bucket,flipped,src_claude,src_accio,src_perplexity,src_chatgpt,src_gemini1,src_gemini2,adjudicated
1,Cresimo,4546.88,likely_not_china,,likely_not_china,definitely_not_china,likely_not_china,likely_not_china,likely_not_china,unknown,
2,AMZ Advisers,4100.83,definitely_not_china,not_china,likely_not_china,definitely_not_china,definitely_not_china,definitely_not_china,unknown,unknown,
3,Bird Buddy,3982.14,definitely_not_china,not_china,definitely_not_china,definitely_not_china,definitely_not_china,definitely_not_china,definitely_not_china,definitely_not_china,
4,Pure Instinct / VWELL / Coochy Plus,3495.29,likely_not_china,,likely_not_china,likely_china,likely_not_china,likely_not_china,likely_not_china,unknown,yes
5,MIKO,3319.56,likely_not_china,,likely_not_china,likely_not_china,likely_not_china,likely_not_china,unknown,unknown,
6,bedbath,3281.20,likely_not_china,,unknown,unknown,likely_not_china,likely_not_china,unknown,unknown,
7,SellerX Germany GmbH PO000SXGDE003245,2365.23,definitely_not_china,not_china,definitely_not_china,definitely_not_china,definitely_not_china,definitely_not_china,definitely_not_china,unknown,
8,Woodenhouse,2305.07,unknown,,likely_china,definitely_not_china,unknown,likely_not_china,unknown,unknown,yes
9,Smart Home & Garden,2286.06,definitely_not_china,not_china,likely_not_china,definitely_not_china,definitely_not_china,likely_not_china,unknown,unknown,
10,Planetary Design,2169.04,definitely_not_china,not_china,definitely_not_china,definitely_not_china,definitely_not_china,definitely_not_china,definitely_not_china,definitely_not_china,
11,moralve,2038.64,unknown,,likely_china,unknown,likely_not_china,likely_not_china,unknown,unknown,yes
12,BCOZZY,1950.15,likely_not_china,,likely_not_china,definitely_not_china,likely_not_china,likely_not_china,unknown,unknown,
13,SplashEZ,1817.17,likely_not_china,,likely_not_china,definitely_not_china,likely_not_china,likely_not_china,unknown,unknown,
14,JLab,1742.53,definitely_not_china,not_china,definitely_not_china,definitely_not_china,definitely_not_china,definitely_not_china,definitely_not_china,definitely_not_china,
15,True Fresh,1671.05,unknown,,likely_china,definitely_not_china,unknown,likely_not_china,unknown,unknown,yes
16,Gorillaz LLC,1300.92,likely_not_china,,likely_not_china,definitely_not_china,likely_not_china,likely_not_china,definitely_not_china,unknown,
17,Tractive,1253.53,definitely_not_china,not_china,definitely_not_china,definitely_not_china,definitely_not_china,definitely_not_china,definitely_not_china,unknown,
18,INICAT,1098.01,definitely_china,china,likely_china,unknown,definitely_china,definitely_china,unknown,unknown,yes
19,Eversprout,968.51,likely_not_china,,likely_not_china,definitely_not_china,likely_not_china,likely_not_china,unknown,unknown,
20,Colugo,949.14,definitely_not_china,not_china,definitely_not_china,definitely_not_china,definitely_not_china,definitely_not_china,definitely_not_china,definitely_not_china,
21,unboxme,948.47,definitely_not_china,not_china,definitely_not_china,definitely_not_china,definitely_not_china,unknown,unknown,unknown,
22,Jerome Alexander Cosmetics,926.19,definitely_not_china,not_china,definitely_not_china,definitely_not_china,definitely_not_china,likely_not_china,definitely_not_china,definitely_not_china,
23,Primely,910.31,likely_not_china,,unknown,likely_not_china,likely_not_china,unknown,unknown,unknown,
24,ivizel,833.33,likely_not_china,,likely_not_china,definitely_not_china,likely_not_china,unknown,unknown,unknown,
25,Newton Baby,791.84,definitely_not_china,not_china,definitely_not_china,definitely_not_china,definitely_not_china,likely_not_china,definitely_not_china,definitely_not_china,
26,Carnation,791.34,likely_not_china,,likely_not_china,definitely_not_china,likely_not_china,likely_not_china,unknown,unknown,
27,Mindsight,780.10,likely_not_china,,likely_not_china,definitely_not_china,likely_not_china,likely_not_china,unknown,unknown,
28,Neutralyze,672.35,likely_not_china,,likely_not_china,definitely_not_china,likely_not_china,likely_not_china,unknown,unknown,
29,Best Brands,628.63,likely_not_china,,likely_not_china,definitely_not_china,likely_not_china,unknown,unknown,unknown,
30,Divi Scalp Care,619.21,definitely_not_china,not_china,definitely_not_china,definitely_not_china,likely_not_china,likely_not_china,definitely_not_china,definitely_not_china,
31,Think Tank Scholar,601.77,likely_not_china,,likely_not_china,definitely_not_china,likely_not_china,likely_not_china,unknown,unknown,
32,COSMO Technologies,585.25,definitely_not_china,not_china,definitely_not_china,definitely_not_china,likely_not_china,likely_not_china,unknown,definitely_not_china,
33,Ryddelighome,578.05,likely_china,,likely_china,unknown,unknown,unknown,unknown,unknown,
34,SweatBlock,574.79,definitely_not_china,not_china,definitely_not_china,definitely_not_china,likely_not_china,likely_not_china,unknown,definitely_not_china,
35,NoCry,572.63,likely_not_china,,likely_not_china,definitely_not_china,likely_not_china,likely_not_china,definitely_not_china,unknown,
36,glocusent,570.19,definitely_china,china,definitely_china,definitely_china,likely_china,definitely_china,definitely_china,unknown,yes
37,BigFly,536.55,likely_not_china,,likely_not_china,definitely_not_china,likely_not_china,likely_not_china,unknown,unknown,
38,PrideSports,513.20,definitely_not_china,not_china,definitely_not_china,definitely_not_china,likely_not_china,likely_not_china,unknown,unknown,
39,maisonovo,511.39,likely_not_china,,likely_not_china,likely_china,unknown,unknown,unknown,unknown,yes
40,Nixplay,499.64,likely_china,,likely_china,definitely_china,likely_not_china,likely_not_china,unknown,unknown,yes
41,Natemia,496.76,likely_not_china,,likely_not_china,definitely_not_china,likely_not_china,unknown,unknown,unknown,
42,Lebanta,490.72,unknown,,unknown,unknown,unknown,unknown,unknown,unknown,
43,liuliuby,487.14,likely_not_china,,likely_not_china,likely_china,likely_not_china,likely_china,unknown,unknown,yes
44,Eve Hansen,486.12,likely_not_china,,likely_not_china,definitely_not_china,likely_not_china,unknown,unknown,unknown,
45,Just Play,485.72,definitely_not_china,not_china,definitely_not_china,definitely_not_china,definitely_not_china,likely_not_china,definitely_not_china,definitely_not_china,
46,vitalisuvorov,472.35,likely_not_china,,likely_not_china,definitely_not_china,likely_not_china,likely_not_china,definitely_not_china,unknown,
47,LUNAKAI,465.00,unknown,,unknown,definitely_not_china,unknown,unknown,unknown,unknown,
48,moonjuice,462.97,definitely_not_china,not_china,definitely_not_china,definitely_not_china,definitely_not_china,likely_not_china,definitely_not_china,definitely_not_china,
49,Mind-Glowing,460.01,unknown,,unknown,definitely_not_china,unknown,unknown,unknown,unknown,
50,Retail Arbitrage,451.91,unknown,,unknown,definitely_not_china,unknown,unknown,unknown,unknown,
51,ezbombs,425.06,definitely_not_china,not_china,definitely_not_china,likely_not_china,definitely_not_china,unknown,unknown,unknown,
52,Shacke,407.09,likely_not_china,,unknown,likely_not_china,likely_not_china,unknown,unknown,unknown,
53,JadeYoga,404.59,definitely_not_china,not_china,definitely_not_china,likely_not_china,definitely_not_china,unknown,definitely_not_china,definitely_not_china,
54,Koala Lifestyle,403.90,likely_not_china,,unknown,unknown,definitely_not_china,unknown,unknown,unknown,
55,Coda Music Technologies,397.22,likely_not_china,,likely_not_china,likely_not_china,unknown,unknown,unknown,unknown,
56,VANDEL,395.83,likely_not_china,,likely_not_china,likely_not_china,unknown,unknown,unknown,unknown,
57,BlissLights,395.56,definitely_not_china,not_china,definitely_not_china,likely_not_china,definitely_not_china,unknown,unknown,definitely_not_china,
58,Raw Science,395.16,unknown,,likely_not_china,unknown,likely_china,unknown,unknown,unknown,yes
59,HYDRO CELL,378.45,likely_not_china,,likely_not_china,likely_not_china,unknown,unknown,unknown,unknown,
60,LuxClub,375.41,definitely_not_china,not_china,likely_not_china,unknown,definitely_not_china,unknown,unknown,unknown,
61,Prepared4X,374.64,likely_not_china,,likely_not_china,unknown,unknown,unknown,unknown,unknown,
62,Crave,365.39,definitely_not_china,not_china,likely_not_china,definitely_not_china,definitely_not_china,likely_not_china,unknown,unknown,
63,AWARLT,349.24,likely_not_china,,likely_not_china,likely_not_china,likely_not_china,unknown,unknown,unknown,
64,JungKwanJang,348.69,definitely_not_china,not_china,definitely_not_china,definitely_not_china,definitely_not_china,definitely_not_china,definitely_not_china,unknown,
65,Ergonomic Innovations,343.17,likely_not_china,,likely_not_china,unknown,likely_not_china,unknown,unknown,unknown,
66,Klymit,335.57,definitely_not_china,not_china,definitely_not_china,definitely_not_china,definitely_not_china,likely_not_china,unknown,definitely_not_china,
67,Click and Carry,335.37,definitely_not_china,not_china,definitely_not_china,definitely_not_china,definitely_not_china,unknown,unknown,unknown,
68,goodwipes,334.96,definitely_not_china,not_china,definitely_not_china,definitely_not_china,definitely_not_china,unknown,definitely_not_china,definitely_not_china,
69,Vitamin Bounty,331.90,definitely_not_china,not_china,likely_not_china,likely_not_china,definitely_not_china,likely_not_china,unknown,definitely_not_china,
70,Hewlett Packard Enterprise Instant-On,316.98,definitely_not_china,not_china,definitely_not_china,definitely_not_china,likely_not_china,definitely_not_china,unknown,definitely_not_china,
71,SmartLabels,304.83,likely_not_china,,likely_not_china,likely_not_china,likely_not_china,likely_not_china,unknown,unknown,
72,Ahava,296.19,definitely_china,china,definitely_china,definitely_not_china,definitely_china,definitely_not_china,definitely_china,unknown,yes
73,TOP-UP,291.58,unknown,,unknown,unknown,unknown,unknown,unknown,unknown,
74,Elgin,286.83,likely_not_china,,likely_not_china,likely_not_china,unknown,likely_not_china,unknown,unknown,
75,Gout and You,285.62,likely_not_china,,likely_not_china,unknown,likely_not_china,unknown,unknown,unknown,
76,ACDC LLC,278.07,likely_not_china,,likely_not_china,likely_not_china,unknown,likely_not_china,definitely_not_china,unknown,
77,Jungle Powders,271.19,definitely_not_china,not_china,definitely_not_china,definitely_not_china,definitely_not_china,likely_not_china,unknown,unknown,
78,Kapike,270.70,likely_not_china,,unknown,unknown,likely_not_china,unknown,unknown,unknown,
79,KAHI,269.04,definitely_not_china,not_china,likely_not_china,definitely_not_china,definitely_not_china,definitely_not_china,unknown,unknown,
80,Deep Purple LLC,266.61,likely_not_china,,likely_not_china,likely_not_china,unknown,likely_not_china,definitely_not_china,unknown,
81,CaniBrands USA HC Corp,264.93,definitely_not_china,not_china,likely_not_china,likely_not_china,definitely_not_china,unknown,unknown,unknown,
82,Turquaz,259.52,definitely_not_china,not_china,likely_not_china,likely_not_china,definitely_not_china,unknown,unknown,unknown,
83,ECCOSOPHY,259.44,likely_not_china,,likely_not_china,unknown,likely_not_china,unknown,unknown,unknown,
84,vibesearplugs,248.68,definitely_not_china,not_china,definitely_not_china,definitely_not_china,definitely_not_china,unknown,unknown,unknown,
85,ALTA,242.79,unknown,,unknown,likely_not_china,unknown,unknown,unknown,unknown,
86,Sudstainables,240.22,likely_not_china,,unknown,unknown,likely_not_china,unknown,unknown,unknown,
87,Sprigrown,237.74,unknown,,unknown,unknown,unknown,unknown,unknown,unknown,
88,Zen Dew,231.45,definitely_not_china,not_china,likely_not_china,unknown,definitely_not_china,unknown,unknown,unknown,
89,HydroNova,231.18,unknown,,unknown,unknown,unknown,unknown,unknown,unknown,
90,Realizations,230.62,definitely_not_china,not_china,likely_not_china,unknown,definitely_not_china,unknown,unknown,unknown,
91,PetLoversHQ,229.85,definitely_not_china,not_china,likely_not_china,unknown,definitely_not_china,unknown,unknown,unknown,
92,Billion Pets,229.74,likely_not_china,,likely_not_china,unknown,unknown,unknown,unknown,unknown,
93,Food Huggers,224.83,definitely_not_china,not_china,definitely_not_china,definitely_not_china,definitely_not_china,unknown,unknown,unknown,
94,Happy Head,219.53,definitely_not_china,not_china,definitely_not_china,definitely_not_china,definitely_not_china,unknown,unknown,definitely_not_china,
95,Champion,215.49,definitely_not_china,not_china,definitely_not_china,definitely_not_china,definitely_not_china,unknown,unknown,definitely_not_china,
96,Cutluxe,215.37,likely_not_china,,unknown,unknown,likely_not_china,unknown,unknown,unknown,
97,Amanda Creation Inc.,215.27,definitely_not_china,not_china,likely_not_china,definitely_not_china,definitely_not_china,unknown,unknown,unknown,
98,Freshero,214.51,unknown,,unknown,unknown,unknown,unknown,unknown,unknown,
99,LyfeFuel,212.42,definitely_not_china,not_china,definitely_not_china,unknown,definitely_not_china,unknown,unknown,unknown,
100,STRIV Labs,206.05,unknown,,unknown,unknown,unknown,unknown,unknown,unknown,
101,Dreamland Baby,205.50,definitely_not_china,not_china,definitely_not_china,definitely_not_china,definitely_not_china,unknown,unknown,unknown,
102,SEVEN POTIONS,201.51,definitely_not_china,not_china,likely_not_china,definitely_not_china,definitely_not_china,unknown,unknown,unknown,
103,jakelangley,200.46,definitely_not_china,not_china,likely_not_china,definitely_not_china,definitely_not_china,likely_not_china,unknown,unknown,
104,Funcils,199.81,likely_china,,unknown,unknown,likely_china,likely_china,unknown,unknown,
105,Itari,199.30,likely_china,,likely_china,definitely_china,unknown,likely_china,unknown,unknown,yes
106,Beast Bites Supplements,192.43,definitely_not_china,not_china,likely_not_china,definitely_not_china,definitely_not_china,unknown,unknown,unknown,
107,Crafty Happitoys,188.03,unknown,,unknown,likely_china,unknown,unknown,unknown,unknown,yes
108,Super Area Rugs,186.71,definitely_not_china,not_china,likely_not_china,definitely_not_china,definitely_not_china,unknown,unknown,unknown,
109,Gold Standard,186.06,likely_not_china,,unknown,unknown,definitely_not_china,unknown,unknown,unknown,
110,Great Bay Home,185.43,definitely_not_china,not_china,definitely_not_china,definitely_not_china,definitely_not_china,unknown,unknown,unknown,
111,MatthewMangione,184.48,definitely_not_china,not_china,likely_not_china,definitely_not_china,definitely_not_china,unknown,unknown,unknown,
112,Coreminded,182.50,unknown,,unknown,unknown,unknown,unknown,unknown,unknown,
113,Little Spoon,179.43,definitely_not_china,not_china,definitely_not_china,definitely_not_china,definitely_not_china,unknown,unknown,definitely_not_china,
114,Earth Rated,176.43,definitely_not_china,not_china,definitely_not_china,definitely_not_china,definitely_not_china,likely_not_china,unknown,unknown,
115,Aerosmith LLC,174.09,definitely_not_china,not_china,likely_not_china,definitely_not_china,definitely_not_china,likely_not_china,definitely_not_china,unknown,
116,NatLeo USA Supplements,170.92,likely_not_china,,unknown,definitely_not_china,unknown,likely_not_china,unknown,unknown,
117,Clinexil,169.20,likely_not_china,,unknown,unknown,likely_not_china,unknown,unknown,unknown,
118,Trueseamoss,155.87,definitely_not_china,not_china,likely_not_china,likely_not_china,definitely_not_china,unknown,unknown,unknown,
119,Scotch Porter,155.35,definitely_not_china,not_china,definitely_not_china,definitely_not_china,definitely_not_china,unknown,unknown,definitely_not_china,
120,Kanga Toys,153.92,likely_not_china,,likely_not_china,unknown,likely_not_china,unknown,unknown,unknown,
121,LDC Lux Decor Collection,152.11,likely_not_china,,likely_not_china,likely_china,definitely_not_china,unknown,unknown,unknown,yes
122,Classic Turkish Towels,151.20,definitely_not_china,not_china,definitely_not_china,definitely_not_china,definitely_not_china,likely_not_china,unknown,unknown,
123,Smirly,150.09,likely_not_china,,unknown,definitely_not_china,definitely_not_china,unknown,unknown,unknown,
124,ORCA,149.54,definitely_not_china,not_china,definitely_not_china,definitely_not_china,definitely_not_china,likely_not_china,unknown,unknown,
125,Spotted Dog Company,147.27,definitely_not_china,not_china,definitely_not_china,definitely_not_china,definitely_not_china,likely_not_china,unknown,unknown,
126,Bubzi Co,144.36,definitely_not_china,not_china,likely_not_china,definitely_not_china,definitely_not_china,unknown,unknown,unknown,
127,Optimal Carnivore,140.50,likely_not_china,,unknown,definitely_not_china,likely_not_china,unknown,unknown,unknown,
128,Jerk Fit Ventures Inc,138.47,definitely_not_china,not_china,definitely_not_china,definitely_not_china,definitely_not_china,unknown,unknown,unknown,
129,HONEYERA,134.40,unknown,,unknown,likely_china,likely_not_china,unknown,unknown,unknown,yes
130,Arden Line,130.91,likely_not_china,,likely_not_china,likely_not_china,likely_not_china,unknown,unknown,unknown,
131,MAX'IS Creations,127.76,definitely_not_china,not_china,definitely_not_china,definitely_not_china,definitely_not_china,likely_not_china,unknown,unknown,
132,Weljoy,125.60,likely_china,,likely_china,unknown,likely_china,likely_china,unknown,unknown,
133,CLOCKY LLC,124.36,definitely_not_china,not_china,likely_not_china,definitely_not_china,definitely_not_china,likely_not_china,unknown,unknown,
134,MODA Works,121.71,likely_not_china,,likely_not_china,unknown,likely_not_china,unknown,unknown,unknown,
135,kyachminov,121.54,definitely_not_china,not_china,likely_not_china,definitely_not_china,definitely_not_china,unknown,unknown,unknown,
136,eBrands Global,121.21,definitely_not_china,not_china,definitely_not_china,definitely_not_china,definitely_not_china,unknown,unknown,unknown,
137,Phoenix Worldwide,120.82,likely_not_china,,unknown,definitely_not_china,likely_china,unknown,unknown,unknown,yes
138,Hide & Scratch,119.12,likely_not_china,,likely_not_china,likely_not_china,unknown,unknown,unknown,unknown,
139,luxail,118.74,likely_not_china,,likely_not_china,definitely_not_china,unknown,likely_not_china,unknown,unknown,
140,Intelligent Blends,117.72,definitely_not_china,not_china,definitely_not_china,definitely_not_china,definitely_not_china,unknown,unknown,unknown,
141,ShopBobbys,117.58,definitely_not_china,not_china,definitely_not_china,definitely_not_china,definitely_not_china,likely_not_china,unknown,unknown,
142,Core Med Science,117.30,definitely_not_china,not_china,likely_not_china,definitely_not_china,definitely_not_china,unknown,unknown,unknown,
143,Tiege Hanley,115.01,definitely_not_china,not_china,definitely_not_china,definitely_not_china,definitely_not_china,likely_not_china,unknown,definitely_not_china,
144,Feculs,113.49,likely_china,,likely_china,unknown,unknown,likely_china,unknown,unknown,
145,SAPHUS,112.97,unknown,,unknown,unknown,unknown,unknown,unknown,unknown,
146,riptoned,112.18,definitely_not_china,not_china,likely_not_china,unknown,definitely_not_china,unknown,unknown,unknown,
147,Gamakay,109.05,definitely_china,china,definitely_china,definitely_china,definitely_china,definitely_china,unknown,unknown,yes
148,Oaktiv,108.86,definitely_not_china,not_china,likely_not_china,likely_not_china,definitely_not_china,unknown,unknown,unknown,
149,jasonbaer,108.69,definitely_not_china,not_china,likely_not_china,definitely_not_china,definitely_not_china,unknown,definitely_not_china,unknown,
150,Pure Zen Tea,104.95,likely_not_china,,likely_not_china,unknown,likely_not_china,unknown,unknown,unknown,
151,Checkered Chef,104.88,likely_not_china,,likely_not_china,definitely_not_china,likely_not_china,unknown,unknown,unknown,
152,TubShroom,104.45,definitely_not_china,not_china,likely_not_china,definitely_not_china,definitely_not_china,likely_not_china,unknown,definitely_not_china,
153,Stonecutter,100.95,likely_not_china,,likely_not_china,definitely_not_china,likely_not_china,unknown,unknown,unknown,
154,Superior Brands,99.14,likely_not_china,,unknown,definitely_not_china,likely_not_china,unknown,unknown,unknown,
155,Bywoods,98.96,likely_not_china,,definitely_not_china,definitely_not_china,unknown,unknown,unknown,unknown,
156,Sit. Stay. Forever.,98.84,likely_not_china,,likely_not_china,likely_not_china,likely_not_china,unknown,unknown,unknown,
157,KoolaBaby,96.59,likely_not_china,,likely_not_china,definitely_not_china,likely_china,unknown,unknown,unknown,yes
158,eComCatalyst,88.08,likely_not_china,,likely_not_china,definitely_not_china,likely_not_china,unknown,unknown,unknown,
159,Homesick Candles,86.11,definitely_not_china,not_china,definitely_not_china,definitely_not_china,likely_not_china,likely_not_china,unknown,definitely_not_china,
160,Comfify,85.92,likely_not_china,,unknown,likely_not_china,likely_not_china,unknown,unknown,unknown,
161,admintq,82.24,likely_not_china,,likely_not_china,likely_not_china,likely_not_china,unknown,unknown,unknown,
162,GLUIT,82.07,unknown,,unknown,definitely_china,unknown,unknown,unknown,unknown,yes
163,RUGGED & DAPPER,81.24,definitely_not_china,not_china,definitely_not_china,definitely_not_china,unknown,likely_not_china,unknown,definitely_not_china,
164,HRYCF,80.44,definitely_china,china,definitely_china,definitely_china,definitely_china,likely_china,unknown,unknown,yes
165,Study Key,79.75,likely_not_china,,likely_not_china,likely_not_china,likely_not_china,unknown,unknown,unknown,
166,BottleShield,77.80,unknown,,unknown,likely_not_china,unknown,unknown,unknown,unknown,
167,LOFT + IVY,77.37,likely_not_china,,likely_not_china,definitely_not_china,likely_not_china,unknown,unknown,unknown,
168,Velmia,76.70,likely_not_china,,likely_not_china,definitely_not_china,likely_not_china,unknown,unknown,unknown,
169,Chill Pill,74.73,likely_not_china,,unknown,likely_not_china,likely_not_china,likely_not_china,unknown,unknown,
170,Clean Litter Club,73.27,definitely_not_china,not_china,definitely_not_china,likely_not_china,likely_not_china,unknown,unknown,unknown,
171,AEROSQUAD,73.20,likely_not_china,,likely_not_china,likely_not_china,unknown,unknown,unknown,unknown,
172,CozyGreensJoyeza,70.88,likely_not_china,,likely_not_china,definitely_not_china,likely_not_china,unknown,unknown,unknown,
173,beblox llc,70.52,likely_not_china,,likely_not_china,likely_not_china,likely_china,unknown,unknown,unknown,yes
174,Piticco,67.04,unknown,,unknown,unknown,unknown,unknown,unknown,unknown,
175,Loobanipets,66.96,likely_china,,likely_china,definitely_china,likely_not_china,likely_china,unknown,unknown,yes
176,Bunion Bootie,66.76,likely_not_china,,likely_not_china,definitely_not_china,likely_not_china,unknown,unknown,unknown,
177,syncgo,65.97,likely_china,,unknown,definitely_china,likely_china,likely_china,unknown,unknown,yes
178,Ebacharach,65.55,likely_not_china,,likely_not_china,likely_not_china,unknown,unknown,unknown,unknown,
179,HomeSelects,65.52,likely_not_china,,likely_not_china,definitely_not_china,likely_not_china,likely_not_china,unknown,unknown,
180,Winthorpe Conservation,65.21,likely_not_china,,likely_not_china,likely_not_china,likely_not_china,unknown,unknown,unknown,
181,Drillbrush,64.88,likely_not_china,,likely_not_china,definitely_not_china,likely_not_china,likely_not_china,unknown,definitely_not_china,
182,Dalstrong,64.44,likely_not_china,,likely_not_china,definitely_not_china,likely_not_china,likely_not_china,unknown,unknown,
183,Rollerex,64.11,unknown,,unknown,likely_not_china,unknown,unknown,unknown,unknown,
184,Waggle,63.98,likely_not_china,,likely_not_china,definitely_not_china,likely_not_china,unknown,unknown,unknown,
185,Pleminnky trading,63.38,likely_not_china,,likely_not_china,definitely_china,unknown,unknown,unknown,unknown,yes
186,hemme,63.12,unknown,,unknown,likely_not_china,unknown,unknown,unknown,unknown,
187,CORE FIBER,63.02,unknown,,unknown,definitely_china,likely_not_china,unknown,unknown,unknown,yes
188,IceBeanie,62.88,definitely_not_china,not_china,definitely_not_china,definitely_not_china,likely_not_china,unknown,unknown,unknown,
189,L.ī.Q. Inc.,61.91,likely_not_china,,likely_not_china,likely_not_china,unknown,unknown,unknown,unknown,
190,Lotus Linen,61.61,likely_not_china,,likely_not_china,definitely_not_china,likely_not_china,likely_not_china,unknown,unknown,
191,Dr Vitamin Solutions,61.17,definitely_not_china,not_china,likely_not_china,likely_not_china,definitely_not_china,unknown,unknown,unknown,
192,Gripjoy Socks,57.43,likely_not_china,,likely_not_china,likely_not_china,likely_not_china,unknown,unknown,unknown,
193,LeRoy's Rocky Mountain,57.35,likely_not_china,,likely_not_china,likely_not_china,unknown,unknown,unknown,unknown,
194,The Blissful Dog Inc.,56.81,definitely_not_china,not_china,definitely_not_china,definitely_not_china,likely_not_china,likely_not_china,unknown,unknown,
195,venturejakef,56.00,likely_not_china,,likely_not_china,definitely_not_china,likely_china,likely_not_china,unknown,unknown,yes
196,MEOLY,55.15,definitely_china,china,definitely_china,definitely_china,unknown,unknown,unknown,unknown,yes
197,ASOZI,54.57,likely_not_china,,likely_not_china,definitely_china,unknown,unknown,unknown,unknown,yes
198,kurkee,54.39,likely_not_china,,likely_not_china,definitely_china,unknown,unknown,unknown,unknown,yes
199,Saint Mingiano,54.00,likely_not_china,,unknown,likely_not_china,unknown,likely_not_china,unknown,unknown,
200,AltroCare,53.86,likely_not_china,,likely_not_china,likely_not_china,likely_not_china,unknown,unknown,unknown,
201,OsoCozy,52.29,likely_not_china,,definitely_not_china,definitely_not_china,unknown,unknown,unknown,unknown,
202,Bulldogology,51.43,likely_not_china,,likely_not_china,unknown,likely_not_china,unknown,unknown,unknown,
203,remiliahair,48.47,likely_not_china,,likely_not_china,unknown,unknown,unknown,unknown,unknown,
204,mkeck,45.69,definitely_not_china,not_china,definitely_not_china,definitely_not_china,likely_not_china,unknown,unknown,unknown,
205,Baby K'tan,45.18,definitely_not_china,not_china,definitely_not_china,definitely_not_china,likely_not_china,likely_not_china,unknown,definitely_not_china,
206,Pup Choice,44.81,likely_not_china,,likely_not_china,likely_not_china,likely_china,likely_not_china,unknown,unknown,yes
207,Thermajane,44.67,likely_not_china,,likely_not_china,likely_not_china,likely_not_china,unknown,unknown,unknown,
208,Stofinity,44.56,unknown,,unknown,unknown,unknown,unknown,unknown,unknown,
209,Hailey Ennis,44.43,definitely_not_china,not_china,definitely_not_china,definitely_not_china,likely_not_china,likely_not_china,unknown,definitely_not_china,
210,adi120life,43.85,likely_not_china,,definitely_not_china,likely_not_china,unknown,unknown,unknown,unknown,
211,fullnow,42.21,likely_china,,unknown,likely_china,unknown,likely_china,unknown,unknown,
212,Myhalos,41.01,likely_not_china,,likely_not_china,unknown,unknown,unknown,unknown,unknown,
213,Thinksound,40.98,definitely_not_china,not_china,definitely_not_china,definitely_not_china,likely_not_china,unknown,unknown,unknown,
214,KLUBI,40.26,likely_not_china,,likely_not_china,definitely_not_china,unknown,likely_not_china,unknown,unknown,
215,ResoseseHZH,39.87,likely_china,,likely_china,definitely_china,likely_china,likely_china,unknown,unknown,yes
216,SwaddleDesigns,38.86,definitely_not_china,not_china,definitely_not_china,definitely_not_china,likely_not_china,unknown,unknown,unknown,
217,Stripebird,38.05,likely_not_china,,likely_not_china,likely_not_china,unknown,likely_not_china,unknown,unknown,
218,openr,37.39,unknown,,unknown,unknown,unknown,unknown,unknown,unknown,
219,OUFER,36.18,definitely_china,china,likely_china,definitely_china,likely_not_china,definitely_china,unknown,unknown,yes
220,Purplesful Snacking inc.,35.57,definitely_not_china,not_china,definitely_not_china,likely_not_china,likely_not_china,unknown,unknown,unknown,
221,kiwinurse,34.79,definitely_china,china,definitely_china,unknown,unknown,unknown,unknown,unknown,yes
222,LivMatte,34.43,likely_not_china,,likely_not_china,likely_not_china,likely_not_china,unknown,unknown,unknown,
223,RYVE,34.24,likely_not_china,,likely_not_china,unknown,likely_not_china,unknown,unknown,unknown,
224,AmpliSell,33.87,likely_not_china,,likely_not_china,unknown,unknown,unknown,unknown,unknown,
225,Boshel,33.78,likely_not_china,,likely_not_china,likely_not_china,unknown,unknown,unknown,unknown,
226,burstoralcare,33.66,definitely_not_china,not_china,definitely_not_china,definitely_not_china,likely_not_china,likely_not_china,unknown,definitely_not_china,
227,Carpe,33.29,likely_not_china,,definitely_not_china,definitely_not_china,unknown,unknown,unknown,definitely_not_china,
228,GEM,32.93,definitely_not_china,not_china,definitely_not_china,definitely_not_china,likely_not_china,likely_not_china,unknown,unknown,
229,Culina Craftique,32.91,likely_not_china,,likely_not_china,unknown,likely_not_china,unknown,unknown,unknown,
230,Organifi,32.55,definitely_not_china,not_china,definitely_not_china,definitely_not_china,likely_not_china,unknown,unknown,unknown,
231,OREN’S BAMBOO WAREHOUSE,32.46,likely_not_china,,likely_not_china,likely_not_china,unknown,unknown,unknown,unknown,
232,Scosche Industries,32.18,definitely_not_china,not_china,definitely_not_china,definitely_not_china,likely_not_china,definitely_not_china,unknown,definitely_not_china,
233,Hiker Hunger Outfitters,32.14,definitely_not_china,not_china,definitely_not_china,likely_not_china,likely_not_china,unknown,unknown,unknown,
234,Marque,32.01,likely_not_china,,likely_not_china,likely_not_china,unknown,unknown,unknown,unknown,
235,survivalgardenseeds,31.96,definitely_not_china,not_china,definitely_not_china,likely_not_china,definitely_not_china,unknown,unknown,unknown,
236,Truckules,31.50,unknown,,unknown,unknown,unknown,unknown,unknown,unknown,
237,NUTRAHARMONY,31.20,likely_not_china,,likely_not_china,definitely_not_china,likely_not_china,likely_not_china,unknown,unknown,
238,Choice Marts,30.88,likely_not_china,,likely_not_china,unknown,unknown,unknown,unknown,unknown,
239,Stojo Products Inc.,30.80,definitely_not_china,not_china,definitely_not_china,definitely_not_china,likely_not_china,unknown,unknown,unknown,
240,Right 'Bove Touch,29.89,definitely_not_china,not_china,likely_not_china,unknown,definitely_not_china,likely_not_china,unknown,unknown,
241,Kore Aviation,28.33,likely_not_china,,unknown,unknown,unknown,likely_not_china,unknown,unknown,
242,Nano Bond,28.06,likely_not_china,,unknown,unknown,likely_not_china,unknown,unknown,unknown,
243,CBRODERICK,27.88,likely_not_china,,definitely_not_china,unknown,unknown,unknown,unknown,unknown,
244,Wax&Wit,27.63,definitely_not_china,not_china,likely_not_china,unknown,definitely_not_china,unknown,unknown,unknown,
245,Natural Zing,27.60,definitely_not_china,not_china,definitely_not_china,unknown,likely_not_china,unknown,unknown,unknown,
246,Physician's Choice,27.51,definitely_not_china,not_china,definitely_not_china,unknown,definitely_not_china,likely_not_china,unknown,definitely_not_china,
247,XWERKS,27.48,definitely_not_china,not_china,likely_not_china,unknown,definitely_not_china,likely_not_china,unknown,unknown,
248,Just Add Luv,27.05,definitely_not_china,not_china,definitely_not_china,unknown,unknown,likely_not_china,unknown,unknown,
249,BlauKe,26.78,likely_not_china,,likely_not_china,unknown,unknown,likely_not_china,unknown,unknown,
250,100% Pure New Zealand Honey,26.68,definitely_not_china,not_china,definitely_not_china,unknown,likely_not_china,likely_not_china,unknown,unknown,
251,Bywabee,26.59,unknown,,likely_not_china,likely_china,unknown,unknown,unknown,unknown,yes
252,SipArt Mastery,26.38,likely_not_china,,likely_not_china,likely_china,unknown,unknown,unknown,unknown,yes
253,TesLiner,26.34,likely_not_china,,likely_not_china,likely_china,unknown,unknown,unknown,unknown,yes
254,Paper Plan,25.88,likely_not_china,,unknown,unknown,likely_not_china,unknown,unknown,unknown,
255,Siblings,25.36,unknown,,unknown,likely_not_china,unknown,unknown,unknown,unknown,
256,MatchAiA,25.07,likely_china,,likely_china,unknown,likely_china,unknown,unknown,unknown,
257,TRYNDI,24.69,likely_not_china,,unknown,likely_not_china,unknown,likely_not_china,unknown,unknown,
258,Birdee,24.48,unknown,,unknown,unknown,unknown,unknown,unknown,unknown,
259,elizabethmott,24.33,definitely_not_china,not_china,definitely_not_china,likely_not_china,likely_not_china,unknown,unknown,unknown,
260,bcomstock,24.30,unknown,,unknown,unknown,unknown,unknown,unknown,unknown,
261,andrewEMJ,24.22,definitely_not_china,not_china,definitely_not_china,definitely_not_china,likely_not_china,unknown,unknown,definitely_not_china,
262,SITFIT Elliptical,23.40,likely_china,,likely_china,unknown,unknown,unknown,unknown,unknown,
263,Biotequelab,23.18,unknown,,unknown,unknown,unknown,unknown,unknown,unknown,
264,AnyScope,22.57,likely_china,,likely_china,unknown,unknown,unknown,unknown,unknown,
265,"Chopper Mill, Inc.",22.38,definitely_not_china,not_china,likely_not_china,likely_not_china,definitely_not_china,unknown,unknown,unknown,
266,Celor,22.05,likely_china,,unknown,unknown,likely_china,unknown,unknown,unknown,
267,Wild Drops,21.85,likely_not_china,,likely_not_china,unknown,likely_not_china,unknown,unknown,unknown,
268,PolyTeak,21.78,likely_not_china,,likely_not_china,unknown,unknown,unknown,unknown,unknown,
269,Hail M Cocktails,21.77,likely_not_china,,likely_not_china,unknown,likely_not_china,unknown,unknown,unknown,
270,Pet Wellness Direct,21.71,definitely_not_china,not_china,definitely_not_china,likely_not_china,likely_not_china,unknown,unknown,unknown,
271,oilbanker,20.72,unknown,,unknown,unknown,unknown,unknown,unknown,unknown,
272,Yuca,20.46,definitely_not_china,not_china,definitely_not_china,likely_not_china,definitely_not_china,likely_not_china,unknown,unknown,
273,T is for Tame,20.21,definitely_not_china,not_china,definitely_not_china,unknown,definitely_not_china,unknown,unknown,unknown,
274,"Lumē Deodorant, LLC",19.89,definitely_not_china,not_china,definitely_not_china,definitely_not_china,likely_not_china,unknown,unknown,definitely_not_china,
275,Vital Purple,19.77,likely_not_china,,likely_not_china,unknown,unknown,unknown,unknown,unknown,
276,tea facto,19.62,likely_not_china,,likely_not_china,unknown,unknown,unknown,unknown,unknown,
277,D'Artisan Shoppe,19.13,unknown,,unknown,likely_not_china,unknown,unknown,unknown,unknown,
278,Goode Health,19.02,definitely_not_china,not_china,definitely_not_china,unknown,definitely_not_china,unknown,unknown,unknown,
279,Henry Schein,18.60,definitely_not_china,not_china,likely_not_china,unknown,definitely_not_china,definitely_not_china,unknown,unknown,
280,Back Bay Audio,18.23,likely_not_china,,likely_not_china,unknown,likely_not_china,unknown,unknown,unknown,
281,Joyful Moose,17.85,definitely_not_china,not_china,definitely_not_china,definitely_not_china,unknown,likely_not_china,unknown,unknown,
282,Clyrio,17.80,likely_not_china,,unknown,definitely_not_china,unknown,likely_not_china,unknown,unknown,
283,kevinleeme,17.58,definitely_not_china,not_china,definitely_not_china,definitely_not_china,likely_not_china,unknown,unknown,unknown,
284,IGANCE,16.94,unknown,,likely_not_china,unknown,definitely_china,unknown,unknown,unknown,yes
285,burakbilisik,16.60,unknown,,unknown,unknown,unknown,unknown,unknown,unknown,
286,The Bean Coffee Company,16.10,definitely_not_china,not_china,likely_not_china,definitely_not_china,definitely_not_china,likely_not_china,unknown,definitely_not_china,
287,Flipper Aquarium Products,15.85,likely_not_china,,likely_not_china,unknown,likely_not_china,unknown,unknown,unknown,
288,RazorGroup,15.74,definitely_not_china,not_china,definitely_not_china,definitely_not_china,likely_not_china,likely_not_china,definitely_not_china,unknown,
289,OLIVIAUMMA,15.64,likely_not_china,,likely_not_china,likely_not_china,likely_not_china,likely_not_china,unknown,unknown,
290,PetraTools,15.00,likely_not_china,,definitely_not_china,unknown,unknown,unknown,unknown,unknown,
291,Serei,14.85,unknown,,unknown,unknown,unknown,unknown,unknown,unknown,
292,Melinda's Hot Sauce,14.79,definitely_not_china,not_china,definitely_not_china,definitely_not_china,definitely_not_china,likely_not_china,unknown,definitely_not_china,
293,NATIVEPET24,14.63,definitely_not_china,not_china,definitely_not_china,definitely_not_china,definitely_not_china,unknown,unknown,definitely_not_china,
294,Straight Coastin',14.61,likely_not_china,,likely_not_china,likely_not_china,likely_not_china,unknown,unknown,unknown,
295,Mav Beauty Brands,14.49,definitely_not_china,not_china,definitely_not_china,definitely_not_china,definitely_not_china,unknown,unknown,unknown,
296,Dolce Flav,14.27,definitely_not_china,not_china,definitely_not_china,likely_not_china,definitely_not_china,unknown,unknown,unknown,
297,Highland,14.11,likely_not_china,,definitely_not_china,definitely_not_china,unknown,unknown,unknown,unknown,
298,Mobi Lock,13.63,likely_not_china,,likely_not_china,unknown,unknown,unknown,unknown,unknown,
299,MatchaDNA,13.45,likely_not_china,,likely_not_china,unknown,unknown,unknown,unknown,unknown,
300,Toysmith,13.38,definitely_not_china,not_china,definitely_not_china,definitely_not_china,definitely_not_china,likely_not_china,unknown,definitely_not_china,
301,Spot Detergent,13.01,definitely_not_china,not_china,definitely_not_china,unknown,likely_not_china,unknown,unknown,unknown,
302,Houswise,13.00,likely_china,,likely_china,unknown,unknown,unknown,unknown,unknown,
303,Dolcezza by Alluluv,12.55,likely_not_china,,likely_not_china,unknown,unknown,unknown,unknown,unknown,
304,The Parker-Lambert Agency,12.53,definitely_not_china,not_china,definitely_not_china,likely_not_china,definitely_not_china,unknown,unknown,unknown,
305,Lovebug Probiotics,12.44,definitely_not_china,not_china,definitely_not_china,definitely_not_china,definitely_not_china,unknown,unknown,definitely_not_china,
306,Pirate Wizards,12.31,likely_not_china,,likely_not_china,unknown,likely_not_china,unknown,unknown,unknown,
307,ExcelMark,12.27,definitely_not_china,not_china,definitely_not_china,definitely_not_china,definitely_not_china,likely_not_china,unknown,unknown,
308,adminTPC,11.92,likely_not_china,,likely_not_china,unknown,likely_not_china,unknown,unknown,unknown,
309,Vitamizdd,11.73,unknown,,unknown,unknown,unknown,unknown,unknown,unknown,
310,Novel Brands,11.35,definitely_not_china,not_china,likely_not_china,definitely_not_china,definitely_not_china,likely_not_china,unknown,unknown,
311,ericmendes,11.25,definitely_not_china,not_china,definitely_not_china,definitely_not_china,definitely_not_china,likely_not_china,unknown,unknown,
312,Cosmic Freeze,11.09,likely_not_china,,likely_not_china,unknown,likely_not_china,unknown,unknown,unknown,
313,SHINEFY,10.28,definitely_china,china,definitely_china,unknown,likely_china,unknown,unknown,unknown,yes
314,BathBlocks,9.86,likely_not_china,,likely_not_china,likely_not_china,unknown,unknown,unknown,unknown,
315,RainbowShow,9.75,likely_china,,likely_china,unknown,likely_china,likely_china,unknown,unknown,
316,Pals Socks,9.34,definitely_not_china,not_china,definitely_not_china,likely_not_china,definitely_not_china,unknown,unknown,unknown,
317,Brick House,9.27,unknown,,unknown,unknown,unknown,unknown,unknown,unknown,
318,Menfirst,9.21,definitely_not_china,not_china,likely_not_china,definitely_not_china,definitely_not_china,unknown,unknown,unknown,
319,mconley,8.82,definitely_not_china,not_china,definitely_not_china,definitely_not_china,likely_not_china,likely_not_china,unknown,definitely_not_china,
320,Goli Nutrition,8.76,definitely_not_china,not_china,definitely_not_china,definitely_not_china,definitely_not_china,likely_not_china,unknown,definitely_not_china,
321,Yobee Care,8.60,definitely_not_china,not_china,definitely_not_china,definitely_not_china,definitely_not_china,likely_not_china,unknown,unknown,
322,Benefit Spice: Spice for Good,8.58,likely_not_china,,likely_not_china,unknown,unknown,unknown,unknown,unknown,
323,SuperNaturalGoods,8.55,likely_not_china,,likely_not_china,definitely_not_china,likely_not_china,likely_not_china,unknown,unknown,
324,Migrastil,8.51,definitely_not_china,not_china,likely_not_china,unknown,definitely_not_china,unknown,unknown,unknown,
325,Kind Lips,8.43,definitely_not_china,not_china,definitely_not_china,unknown,definitely_not_china,unknown,unknown,unknown,
326,sisterlymarket,8.39,likely_not_china,,unknown,unknown,likely_not_china,unknown,unknown,unknown,
327,Arterra Pet Science,8.07,definitely_not_china,not_china,likely_not_china,unknown,definitely_not_china,unknown,unknown,unknown,
328,Numeira Dead Sea,7.97,definitely_not_china,not_china,definitely_not_china,unknown,definitely_not_china,unknown,unknown,unknown,
329,Vitavelle Cosmetics,7.80,likely_not_china,,likely_not_china,unknown,unknown,unknown,unknown,unknown,
330,Brilliant Beauty,7.72,unknown,,unknown,unknown,unknown,unknown,unknown,unknown,
331,ieró Beauty™,7.56,definitely_not_china,not_china,definitely_not_china,unknown,definitely_not_china,unknown,unknown,unknown,
332,Puppy Pouch,7.44,likely_not_china,,likely_not_china,unknown,unknown,unknown,unknown,unknown,
333,ZenHalal,7.20,likely_not_china,,unknown,unknown,likely_not_china,unknown,unknown,unknown,
334,Sandunes,7.18,unknown,,unknown,unknown,unknown,unknown,unknown,unknown,
335,FordeBaker,7.00,likely_not_china,,likely_not_china,unknown,unknown,unknown,unknown,unknown,
336,nechemya,6.98,unknown,,unknown,unknown,unknown,unknown,unknown,unknown,
337,Glow by hormone university,6.72,definitely_not_china,not_china,definitely_not_china,definitely_not_china,likely_not_china,likely_not_china,unknown,unknown,
338,Vivid Scribbles,6.72,likely_not_china,,likely_not_china,unknown,unknown,unknown,unknown,unknown,
339,vinsguir,6.60,definitely_china,china,definitely_china,unknown,likely_china,unknown,unknown,unknown,yes
340,umamibento,6.49,likely_not_china,,likely_not_china,unknown,unknown,unknown,unknown,unknown,
341,Keith,6.30,likely_not_china,,unknown,unknown,likely_not_china,likely_not_china,unknown,unknown,
342,Kronox,6.00,likely_not_china,,likely_not_china,unknown,likely_not_china,unknown,unknown,unknown,
343,Kibou Bag,5.88,definitely_not_china,not_china,definitely_not_china,unknown,likely_not_china,likely_not_china,unknown,definitely_not_china,
344,MEEMA,5.37,definitely_not_china,not_china,likely_not_china,unknown,definitely_not_china,unknown,unknown,unknown,
345,Timeline,5.25,definitely_not_china,not_china,definitely_not_china,unknown,definitely_not_china,unknown,unknown,unknown,
346,Foldies,5.04,likely_not_china,,unknown,unknown,likely_not_china,unknown,unknown,unknown,
347,VitaUp,4.93,unknown,,unknown,unknown,unknown,unknown,unknown,unknown,
348,jdhaley00,4.91,unknown,,unknown,unknown,unknown,unknown,unknown,unknown,
349,AURA IN BLOOM,4.75,likely_not_china,,likely_not_china,unknown,unknown,unknown,unknown,unknown,
350,Osaber,4.32,unknown,,unknown,unknown,unknown,unknown,unknown,unknown,
351,LOOKNOOK,4.31,likely_china,,likely_china,unknown,likely_china,likely_china,unknown,unknown,
352,TTolbi,3.98,unknown,,unknown,unknown,unknown,unknown,unknown,unknown,
353,Oleksii,3.97,likely_not_china,,likely_not_china,unknown,unknown,unknown,unknown,unknown,
354,Barely Halal,3.90,likely_not_china,,likely_not_china,unknown,unknown,unknown,unknown,unknown,
355,leolandau,3.84,likely_not_china,,likely_not_china,unknown,likely_not_china,unknown,unknown,unknown,
356,Bubble Sponge,3.72,unknown,,unknown,unknown,unknown,unknown,unknown,unknown,
357,Teracube,3.60,definitely_not_china,not_china,definitely_not_china,definitely_not_china,definitely_not_china,unknown,unknown,definitely_not_china,
358,alexdittrich,3.60,definitely_not_china,not_china,definitely_not_china,unknown,likely_not_china,unknown,unknown,unknown,
359,Aromafume,3.35,definitely_not_china,not_china,definitely_not_china,definitely_not_china,definitely_not_china,definitely_not_china,unknown,unknown,
360,Ecomcy,3.27,definitely_not_china,not_china,definitely_not_china,definitely_not_china,likely_not_china,unknown,unknown,unknown,
361,Matjaz,3.25,likely_not_china,,likely_not_china,unknown,unknown,unknown,unknown,unknown,
362,Aiming Fluid Golf,3.21,likely_not_china,,likely_not_china,unknown,likely_not_china,unknown,unknown,unknown,
363,TokyoRush,3.08,unknown,,unknown,unknown,unknown,unknown,unknown,unknown,
364,Ouch Baby,3.00,unknown,,unknown,unknown,unknown,unknown,unknown,unknown,
365,VZJZHAN,2.86,likely_china,,likely_china,unknown,likely_china,likely_china,unknown,unknown,
366,Alodia,2.72,definitely_not_china,not_china,definitely_not_china,definitely_not_china,definitely_not_china,likely_not_china,unknown,definitely_not_china,
367,Bonded By Stories,2.70,unknown,,unknown,unknown,unknown,unknown,unknown,unknown,
368,Aum Active,2.60,definitely_china,china,likely_china,definitely_china,definitely_china,likely_china,likely_china,unknown,yes
369,tukaho,2.55,likely_not_china,,likely_not_china,likely_china,unknown,unknown,unknown,unknown,yes
370,Goat Soap,2.52,definitely_not_china,not_china,definitely_not_china,definitely_not_china,likely_not_china,definitely_not_china,definitely_not_china,unknown,
371,SMOLBOL,2.46,definitely_not_china,not_china,definitely_not_china,unknown,likely_not_china,unknown,unknown,unknown,
372,BnD US,2.10,unknown,,unknown,unknown,unknown,unknown,unknown,unknown,
373,Nuanced Media,2.10,definitely_not_china,not_china,definitely_not_china,definitely_not_china,likely_not_china,unknown,unknown,definitely_not_china,
374,Gemonklee,2.01,likely_china,,likely_china,unknown,unknown,unknown,unknown,unknown,
375,itservicesVremi,1.93,likely_not_china,,definitely_not_china,definitely_not_china,unknown,unknown,unknown,unknown,
376,Loquacious Games,1.90,likely_not_china,,likely_not_china,unknown,likely_not_china,unknown,unknown,unknown,
377,Matrescence,1.86,definitely_not_china,not_china,likely_not_china,definitely_not_china,definitely_not_china,unknown,unknown,unknown,
378,Milspin,1.83,definitely_not_china,not_china,definitely_not_china,definitely_not_china,definitely_not_china,likely_not_china,unknown,definitely_not_china,
379,Level Up Pup,1.65,likely_not_china,,likely_not_china,unknown,unknown,unknown,unknown,unknown,
380,MyMed,1.60,unknown,,unknown,unknown,unknown,unknown,unknown,unknown,
381,barebotanicsteam,1.60,likely_not_china,,likely_not_china,definitely_not_china,likely_not_china,unknown,unknown,unknown,
382,mondaymoose,1.52,unknown,,unknown,unknown,unknown,unknown,unknown,unknown,
383,Elevate Pet Provisions,1.50,likely_not_china,,definitely_not_china,definitely_not_china,unknown,unknown,unknown,unknown,
384,ELEMITO,1.50,unknown,,unknown,unknown,unknown,unknown,unknown,unknown,
385,PureHimalayanShilajit,1.50,likely_not_china,,likely_not_china,definitely_not_china,likely_not_china,likely_not_china,unknown,unknown,
386,Settini,1.44,unknown,,unknown,unknown,unknown,unknown,unknown,unknown,
387,Supplements Studio,1.38,likely_not_china,,likely_not_china,unknown,likely_not_china,unknown,unknown,unknown,
388,Swigzy,1.35,unknown,,unknown,unknown,unknown,unknown,unknown,unknown,
389,GYMGUM,1.09,likely_not_china,,likely_not_china,unknown,unknown,unknown,unknown,unknown,
390,Signs That Pop,0.96,unknown,,unknown,unknown,unknown,unknown,unknown,unknown,
391,Darlington Snacks,0.90,definitely_not_china,not_china,definitely_not_china,definitely_not_china,definitely_not_china,definitely_not_china,unknown,definitely_not_china,
392,ANTOMILIO,0.75,unknown,,unknown,unknown,unknown,unknown,unknown,unknown,
393,yaqubnmc1,0.72,unknown,,unknown,unknown,unknown,unknown,unknown,unknown,
394,DecorChiq,0.60,unknown,,unknown,unknown,unknown,unknown,unknown,unknown,
395,Argosy QR,0.60,likely_not_china,,likely_not_china,definitely_not_china,likely_not_china,unknown,unknown,unknown,
396,sharmony,0.56,unknown,,unknown,unknown,unknown,unknown,unknown,unknown,
397,bioworld,0.50,definitely_not_china,not_china,definitely_not_china,definitely_not_china,likely_not_china,likely_not_china,unknown,definitely_not_china,
398,acorn+oak,0.47,likely_not_china,,likely_not_china,unknown,unknown,unknown,unknown,unknown,
399,Dragon Grips and Bright Knight Decals,0.45,likely_not_china,,likely_not_china,definitely_not_china,unknown,unknown,unknown,unknown,
400,Levonascent,0.35,likely_not_china,,likely_not_china,unknown,unknown,unknown,unknown,unknown,
401,Kavguine,0.30,likely_china,,unknown,unknown,likely_china,unknown,unknown,unknown,
